Ticket ID,Customer Name,Customer Email,Product Purchased,Date of Purchase,Ticket Type,Ticket Subject,Ticket Description,Ticket Priority,First Response Time,Time to Resolution,Customer Satisfaction Rating
TKT-1001,Arjun Sharma,invalid_email,Wireless Mouse,03-12-2025,Product Question,Refund request,Need  information about warranty,Low,8.3,214.3,1
TKT-1002,Isha Krishnan,isha.krishnan5@gmail.com,laptop pro 15,01-08-2025,Product Question,Compatibility issue,Bluetooth connection drops frequently.,Low,7,172.4,5
TKT-1003,Devansh Joshi,invalid_email,gaming console z,03-09-2025,Product Question,Warranty inquiry,unacceptable delay! Need  information about warranty. I am very disappointed and need an urgent resolution.,High,5.1,192.4,3
TKT-1004,Devansh Sharma,devansh.sharma3@gmail.com,wireless mouse,03-07-2025,Cancellation Request,Product setup,Delivery arrived much later than expected.,Low,18.8,103.8,5
TKT-1005,Ananya Patel,invalid_email,smartwatch v2,02-01-2025,Cancellation Request,Delivery delay,Not compatible with my device.,Low,18.8,131,4
TKT-1006,Diya Nair,invalid_email,smartwatch v2,2/19/2025,Technical Issue,Delivery delay,Application crashes frequently. (disappointed with delayed resolution).,Medium,19.3,143,3
TKT-1007,Vivaan Krishnan,vivaan.krishnan7@gmail.com,bluetooth speaker,2/22/2025,Billing Inquiry,Overcharge issue,unacceptable delay! Item damaged during transit. I am very disappointed and need an urgent resolution.,High,13.6,180.2,4
TKT-1008,Siddharth Menon,siddharth.menon8@gmail.com,noise-canceling headphones,01-02-2025,Technical Issue,Order tracking,Order status not updating. (need assistance).,Medium,15.7,164.8,2
TKT-1009,Aarav Rao,aarav.rao9@gmail.com,4k monitor 27in,01-11-2025,Product Question,Order tracking,URGENT! Need more information about warranty. I am very disappointed and need an urgent resolution.,High,22.7,125.8,5
TKT-1010,Siddharth Rao,invalid_email,wireless mouse,1/24/2025,Cancellation Request,Billing error,terrible experience! Double charge on credit card. I am very disappointed and need an urgent resolution.,High,22.1,89.5,4
TKT-1011,Siddharth Krishnan,siddharth.krishnan1@gmail.com,noise-canceling headphones,1/31/2025,Cancellation Request,Software bug,disappointed! Application crashes frequently. I am very disappointed and need an urgent resolution.,High,17.4,195,2
TKT-1012,Rohan Mehta,rohan.mehta2@gmail.com,smartwatch v2,03-12-2025,Product Question,Compatibility issue,unacceptable delay! Bluetooth connection drops frequently. I am very disappointed and need an urgent resolution.,High,11.3,161.7,3
TKT-1013,Siddharth Joshi,invalid_email,laptop pro 15,1/19/2025,Billing Inquiry,Billing error,Need more information about warranty. (need assistance).,Medium,9.4,228.6,3
TKT-1014,Rohan Nair,invalid_email,laptop pro 15,3/18/2025,Technical Issue,Compatibility issue,extremely frustrated! Bluetooth connection drops frequently. I am very disappointed and need an urgent resolution.,High,8,165.7,5
TKT-1015,Rohan Sharma,invalid_email,4k monitor 27in,3/19/2025,Billing Inquiry,Billing error,terrible experience! Double charge on credit card. I am very disappointed and need an urgent resolution.,High,14.6,183.7,5
TKT-1016,Rohan Verma,invalid_email,4k monitor 27in,02-08-2025,Refund Request,Overcharge issue,Double charge on credit card. (issue persisting).,Medium,17.8,111.4,5
TKT-1017,Vihaan Sharma,invalid_email,laptop pro 15,3/27/2025,Refund Request,Damaged item,unacceptable delay! Item damaged during transit. I am very disappointed and need an urgent resolution.,High,1.9,139.6,4
TKT-1018,Kavya Menon,kavya.menon8@gmail.com,noise-canceling headphones,03-11-2025,Product Question,Compatibility issue,Bluetooth connection drops frequently. (please check).,Medium,22,233.9,4
TKT-1019,Devansh Iyer,devansh.iyer9@gmail.com,noise-canceling headphones,1/20/2025,Cancellation Request,Damaged item,Item damaged during transit. (moderately concerned).,Medium,8.1,72.4,5
TKT-1020,Aanya Joshi,aanya.joshi0@gmail.com,4k monitor 27in,3/21/2025,Cancellation Request,Product setup,unacceptable delay! Delivery arrived much later than expected. I am very disappointed and need an urgent resolution.,High,11.5,153.2,1
TKT-1021,Devansh Verma,devansh.verma1@gmail.com,4k monitor 27in,2/14/2025,Cancellation Request,Product setup,disappointed! Delivery arrived much later than expected. I am very disappointed and need an urgent resolution.,High,10.6,220.1,5
TKT-1022,Aanya Sharma,aanya.sharma2@gmail.com,smartwatch v2,3/21/2025,Cancellation Request,Refund request,Need more information about warranty. (need assistance).,Medium,0.6,204.4,1
TKT-1023,Siddharth Mehta,siddharth.mehta3@gmail.com,laptop pro 15,3/27/2025,Technical Issue,Order tracking,terrible experience! Order status not updating. I am very disappointed and need an urgent resolution.,High,23.1,192.8,2
TKT-1024,Siddharth Verma,siddharth.verma4@gmail.com,4k monitor 27in,1/22/2025,Cancellation Request,Delivery delay,unacceptable delay! Not compatible with my device. I am very disappointed and need an urgent resolution.,High,18,91.2,3
TKT-1025,Siddharth Nair,siddharth.nair5@gmail.com,laptop pro 15,03-12-2025,Cancellation Request,Delivery delay,Not compatible with my device. (need assistance).,Medium,3.9,139.1,5
TKT-1026,Kavya Menon,invalid_email,laptop pro 15,2/26/2025,Billing Inquiry,Damaged item,unacceptable delay! Item damaged during transit. I am very disappointed and need an urgent resolution.,High,9.3,101.4,1
TKT-1027,Aanya Patel,aanya.patel7@gmail.com,bluetooth speaker,2/22/2025,Cancellation Request,Damaged item,Item damaged during transit. (moderately concerned).,Medium,16.4,220.5,5
TKT-1028,Aditya Iyer,aditya.iyer8@gmail.com,wireless mouse,2/27/2025,Cancellation Request,Order tracking,Order status not updating. (issue persisting).,Medium,0.3,164.7,5
TKT-1029,Ananya Krishnan,ananya.krishnan9@gmail.com,4k monitor 27in,1/13/2025,Refund Request,Product setup,Delivery arrived much later than expected. (disappointed with delayed resolution).,Medium,14.6,83.9,4
TKT-1030,Kavya Sharma,invalid_email,4k monitor 27in,3/28/2025,Cancellation Request,Software bug,terrible experience! Application crashes frequently. I am very disappointed and need an urgent resolution.,High,16.3,172.9,3
TKT-1031,Aditya Rao,aditya.rao1@gmail.com,gaming console z,3/26/2025,Cancellation Request,Warranty inquiry,Need more information about warranty. (please check).,Medium,18.9,235.1,1
TKT-1032,Kavya Krishnan,invalid_email,bluetooth speaker,3/22/2025,Refund Request,Refund request,Need more information about warranty. (need assistance).,Medium,0.7,113.8,1
TKT-1033,Devansh Sharma,devansh.sharma3@gmail.com,smartwatch v2,2/19/2025,Technical Issue,Order tracking,unacceptable delay! Order status not updating. I am very disappointed and need an urgent resolution.,High,0.7,159.9,1
TKT-1034,Isha Nair,invalid_email,wireless mouse,03-09-2025,Product Question,Warranty inquiry,Need more information about warranty. (issue persisting).,Medium,22,170.8,4
TKT-1035,Vivaan Mehta,invalid_email,noise-canceling headphones,2/17/2025,Billing Inquiry,Damaged item,extremely frustrated! Item damaged during transit. I am very disappointed and need an urgent resolution.,High,23.3,124.9,2
TKT-1036,Kavya Patel,kavya.patel6@gmail.com,smartwatch v2,2/13/2025,Refund Request,Software bug,Application crashes frequently. (moderately concerned).,Medium,17.2,166.4,2
TKT-1037,Devansh Nair,devansh.nair7@gmail.com,4k monitor 27in,2/18/2025,Cancellation Request,Compatibility issue,Bluetooth connection drops frequently. (disappointed with delayed resolution).,Medium,0.2,216.5,4
TKT-1038,Vivaan Krishnan,vivaan.krishnan8@gmail.com,smartwatch v2,02-08-2025,Billing Inquiry,Software bug,extremely frustrated! Application crashes frequently. I am very disappointed and need an urgent resolution.,High,0.7,144.1,2
TKT-1039,Aditya Verma,aditya.verma9@gmail.com,laptop pro 15,3/27/2025,Technical Issue,Product setup,Delivery arrived much later than expected. (issue persisting).,Medium,8.1,192.4,1
TKT-1040,Vivaan Rao,vivaan.rao0@gmail.com,4k monitor 27in,3/20/2025,Billing Inquiry,Damaged item,unacceptable delay! Item damaged during transit. I am very disappointed and need an urgent resolution.,High,7.9,127.3,1
TKT-1041,Rohan Mehta,rohan.mehta1@gmail.com,gaming console z,03-02-2025,Refund Request,Damaged item,Item damaged during transit. (issue persisting).,Medium,1,173.8,4
TKT-1042,Devansh Iyer,invalid_email,laptop pro 15,01-11-2025,Product Question,Software bug,Application crashes frequently. (disappointed with delayed resolution).,Medium,0.8,96.5,4
TKT-1043,Kavya Verma,kavya.verma3@gmail.com,wireless mouse,3/18/2025,Product Question,Software bug,unacceptable delay! Application crashes frequently. I am very disappointed and need an urgent resolution.,High,13.6,180.2,5
TKT-1044,Devansh Patel,devansh.patel4@gmail.com,4k monitor 27in,3/27/2025,Billing Inquiry,Damaged item,unacceptable delay! Item damaged during transit. I am very disappointed and need an urgent resolution.,High,14,211.5,4
TKT-1045,Siddharth Patel,invalid_email,smartwatch v2,02-01-2025,Technical Issue,Damaged item,Item damaged during transit. (issue persisting).,Medium,22,105.8,5
TKT-1046,Rohan Krishnan,rohan.krishnan6@gmail.com,smartwatch v2,3/24/2025,Cancellation Request,Software bug,terrible experience! Application crashes frequently. I am very disappointed and need an urgent resolution.,High,18,147.2,1
TKT-1047,Vivaan Krishnan,vivaan.krishnan7@gmail.com,gaming console z,2/19/2025,Cancellation Request,Compatibility issue,Bluetooth connection drops frequently. (moderately concerned).,Medium,14.6,134.7,4
TKT-1048,Arjun Joshi,arjun.joshi8@gmail.com,bluetooth speaker,2/26/2025,Product Question,Damaged item,Item damaged during transit. (need assistance).,Medium,0.7,117.9,1
TKT-1049,Aditya Krishnan,invalid_email,bluetooth speaker,03-12-2025,Technical Issue,Damaged item,critical failure! Item damaged during transit. I am very disappointed and need an urgent resolution.,High,15.6,220.5,5
TKT-1050,Siddharth Rao,siddharth.rao0@gmail.com,smartwatch v2,02-03-2025,Refund Request,Compatibility issue,unacceptable delay! Bluetooth connection drops frequently. I am very disappointed and need an urgent resolution.,High,23.4,196.2,2
TKT-1051,Ananya Rao,ananya.rao1@gmail.com,4k monitor 27in,1/16/2025,Product Question,Warranty inquiry,extremely frustrated! Need more information about warranty. I am very disappointed and need an urgent resolution.,High,2.4,103.5,4
TKT-1052,Ananya Sharma,ananya.sharma2@gmail.com,4k monitor 27in,3/18/2025,Cancellation Request,Product setup,Delivery arrived much later than expected. (need assistance).,Medium,19.3,212.7,4
TKT-1053,Devansh Rao,invalid_email,gaming console z,3/18/2025,Technical Issue,Order tracking,extremely frustrated! Order status not updating. I am very disappointed and need an urgent resolution.,High,0.5,134,2
TKT-1054,Rohan Nair,rohan.nair4@gmail.com,noise-canceling headphones,3/19/2025,Technical Issue,Product setup,Delivery arrived much later than expected. (disappointed with delayed resolution).,Medium,11.2,168,4
TKT-1055,Devansh Verma,devansh.verma5@gmail.com,smartwatch v2,2/25/2025,Billing Inquiry,Damaged item,extremely frustrated! Item damaged during transit. I am very disappointed and need an urgent resolution.,High,8,172.9,3
TKT-1056,Aditya Krishnan,aditya.krishnan6@gmail.com,wireless mouse,3/17/2025,Product Question,Warranty inquiry,URGENT! Need more information about warranty. I am very disappointed and need an urgent resolution.,High,9.4,228.6,4
TKT-1057,Vivaan Joshi,vivaan.joshi7@gmail.com,bluetooth speaker,2/26/2025,Product Question,Delivery delay,extremely frustrated! Not compatible with my device. I am very disappointed and need an urgent resolution.,High,14.6,183.7,5
TKT-1058,Devansh Sharma,invalid_email,gaming console z,3/27/2025,Cancellation Request,Refund request,unacceptable delay! Need more information about warranty. I am very disappointed and need an urgent resolution.,High,0.6,204.4,2
TKT-1059,Aanya Krishnan,aanya.krishnan9@gmail.com,smartwatch v2,2/19/2025,Refund Request,Refund request,extremely frustrated! Need more information about warranty. I am very disappointed and need an urgent resolution.,High,19.3,143,1
TKT-1060,Siddharth Verma,invalid_email,smartwatch v2,3/26/2025,Billing Inquiry,Delivery delay,Not compatible with my device. (need assistance).,Medium,18.9,235.1,5
TKT-1061,Ananya Rao,ananya.rao1@gmail.com,noise-canceling headphones,01-02-2025,Technical Issue,Software bug,critical failure! Application crashes frequently. I am very disappointed and need an urgent resolution.,High,15.7,164.8,3
TKT-1062,Vihaan Nair,invalid_email,smartwatch v2,2/22/2025,Technical Issue,Overcharge issue,Double charge on credit card. (please check).,Medium,13.6,180.2,2
TKT-1063,Siddharth Krishnan,invalid_email,wireless mouse,03-12-2025,Cancellation Request,Compatibility issue,unacceptable delay! Bluetooth connection drops frequently. I am very disappointed and need an urgent resolution.,High,11.3,161.7,4
TKT-1064,Siddharth Menon,siddharth.menon4@gmail.com,bluetooth speaker,3/18/2025,Billing Inquiry,Billing error,Need more information about warranty. (please check).,Medium,8,165.7,2
TKT-1065,Diya Rao,diya.rao5@gmail.com,bluetooth speaker,03-11-2025,Cancellation Request,Compatibility issue,disappointed! Bluetooth connection drops frequently. I am very disappointed and need an urgent resolution.,High,22,233.9,4
TKT-1066,Kavya Nair,kavya.nair6@gmail.com,smartwatch v2,1/20/2025,Billing Inquiry,Damaged item,extremely frustrated! Item damaged during transit. I am very disappointed and need an urgent resolution.,High,8.1,72.4,5
TKT-1067,Vihaan Sharma,invalid_email,4k monitor 27in,3/21/2025,Cancellation Request,Product setup,Delivery arrived much later than expected. (moderately concerned).,Medium,11.5,153.2,1
TKT-1068,Isha Iyer,invalid_email,wireless mouse,03-12-2025,Refund Request,Refund request,unacceptable delay! Need more information about warranty. I am very disappointed and need an urgent resolution.,High,8.3,214.3,3
TKT-1069,Aarav Krishnan,aarav.krishnan9@gmail.com,laptop pro 15,3/21/2025,Billing Inquiry,Refund request,extremely frustrated! Need more information about warranty. I am very disappointed and need an urgent resolution.,High,0.6,204.4,2
TKT-1070,Vivaan Krishnan,vivaan.krishnan0@gmail.com,gaming console z,02-01-2025,Refund Request,Delivery delay,Not compatible with my device. (need assistance).,Medium,18.8,131,4
TKT-1071,Isha Nair,invalid_email,wireless mouse,3/22/2025,Refund Request,Refund request,disappointed! Need more information about warranty. I am very disappointed and need an urgent resolution.,High,0.7,113.8,5
TKT-1072,Isha Verma,invalid_email,laptop pro 15,2/19/2025,Product Question,Order tracking,Order status not updating. (please check).,Medium,0.7,159.9,2
TKT-1073,Rohan Nair,rohan.nair3@gmail.com,gaming console z,03-09-2025,Billing Inquiry,Warranty inquiry,Need more information about warranty. (need assistance).,Medium,5.1,192.4,1
TKT-1074,Aditya Verma,invalid_email,4k monitor 27in,2/17/2025,Billing Inquiry,Damaged item,unacceptable delay! Item damaged during transit. I am very disappointed and need an urgent resolution.,High,23.3,124.9,1
TKT-1075,Isha Krishnan,invalid_email,smartwatch v2,2/13/2025,Refund Request,Software bug,terrible experience! Application crashes frequently. I am very disappointed and need an urgent resolution.,High,17.2,166.4,3
TKT-1076,Rohan Krishnan,rohan.krishnan6@gmail.com,smartwatch v2,2/18/2025,Product Question,Compatibility issue,Bluetooth connection drops frequently. (please check).,Medium,0.2,216.5,5
TKT-1077,Arjun Rao,arjun.rao7@gmail.com,wireless mouse,02-08-2025,Product Question,Software bug,Application crashes frequently. (moderately concerned).,Medium,0.7,144.1,2
TKT-1078,Aanya Rao,aanya.rao8@gmail.com,bluetooth speaker,3/27/2025,Product Question,Product setup,unacceptable delay! Delivery arrived much later than expected. I am very disappointed and need an urgent resolution.,High,8.1,192.4,4
TKT-1079,Devansh Patel,devansh.patel9@gmail.com,bluetooth speaker,3/20/2025,Technical Issue,Damaged item,critical failure! Item damaged during transit. I am very disappointed and need an urgent resolution.,High,7.9,127.3,3
TKT-1080,Aanya Iyer,aanya.iyer0@gmail.com,gaming console z,03-02-2025,Technical Issue,Damaged item,Item damaged during transit. (issue persisting).,Medium,1,173.8,1
TKT-1081,Arjun Nair,invalid_email,wireless mouse,01-11-2025,Billing Inquiry,Software bug,unacceptable delay! Application crashes frequently. I am very disappointed and need an urgent resolution.,High,0.8,96.5,5
TKT-1082,Diya Rao,diya.rao2@gmail.com,wireless mouse,3/18/2025,Technical Issue,Software bug,extremely frustrated! Application crashes frequently. I am very disappointed and need an urgent resolution.,High,13.6,180.2,4
TKT-1083,Devansh Sharma,devansh.sharma3@gmail.com,4k monitor 27in,3/27/2025,Product Question,Damaged item,Item damaged during transit. (issue persisting).,Medium,14,211.5,1
TKT-1084,Aditya Nair,aditya.nair4@gmail.com,smartwatch v2,02-01-2025,Product Question,Damaged item,Item damaged during transit. (moderately concerned).,Medium,22,105.8,2
TKT-1085,Siddharth Patel,invalid_email,smartwatch v2,3/24/2025,Refund Request,Software bug,Application crashes frequently. (disappointed with delayed resolution).,Medium,18,147.2,5
TKT-1086,Kavya Krishnan,invalid_email,gaming console z,2/19/2025,Cancellation Request,Compatibility issue,Bluetooth connection drops frequently. (please check).,Medium,14.6,134.7,3
TKT-1087,Diya Patel,diya.patel7@gmail.com,bluetooth speaker,2/26/2025,Product Question,Damaged item,terrible experience! Item damaged during transit. I am very disappointed and need an urgent resolution.,High,0.7,117.9,1
TKT-1088,Vihaan Verma,vihaan.verma8@gmail.com,bluetooth speaker,03-12-2025,Cancellation Request,Damaged item,extremely frustrated! Item damaged during transit. I am very disappointed and need an urgent resolution.,High,15.6,220.5,4
TKT-1089,Siddharth Patel,siddharth.patel9@gmail.com,smartwatch v2,02-03-2025,Refund Request,Compatibility issue,Bluetooth connection drops frequently. (need assistance).,Medium,23.4,196.2,3
TKT-1090,Kavya Sharma,kavya.sharma0@gmail.com,4k monitor 27in,1/16/2025,Billing Inquiry,Warranty inquiry,Need more information about warranty. (need assistance).,Medium,2.4,103.5,2
TKT-1091,Devansh Krishnan,invalid_email,4k monitor 27in,3/18/2025,Cancellation Request,Product setup,disappointed! Delivery arrived much later than expected. I am very disappointed and need an urgent resolution.,High,19.3,212.7,4
TKT-1092,Aditya Nair,aditya.nair2@gmail.com,gaming console z,3/18/2025,Product Question,Order tracking,unacceptable delay! Order status not updating. I am very disappointed and need an urgent resolution.,High,0.5,134,2
TKT-1093,Vivaan Iyer,vivaan.iyer3@gmail.com,noise-canceling headphones,3/19/2025,Product Question,Product setup,disappointed! Delivery arrived much later than expected. I am very disappointed and need an urgent resolution.,High,11.2,168,1
TKT-1094,Aditya Verma,aditya.verma4@gmail.com,smartwatch v2,2/25/2025,Refund Request,Damaged item,unacceptable delay! Item damaged during transit. I am very disappointed and need an urgent resolution.,High,8,172.9,5
TKT-1095,Devansh Krishnan,devansh.krishnan5@gmail.com,wireless mouse,3/17/2025,Refund Request,Warranty inquiry,Need more information about warranty. (please check).,Medium,9.4,228.6,4
TKT-1096,Diya Verma,invalid_email,bluetooth speaker,2/26/2025,Refund Request,Delivery delay,Not compatible with my device. (need assistance).,Medium,14.6,183.7,1
TKT-1097,Anya Sharma,anya.sharma7@gmail.com,gaming console z,3/27/2025,Product Question,Refund request,unacceptable delay! Need more information about warranty. I am very disappointed and need an urgent resolution.,High,0.6,204.4,3
TKT-1098,Diya Krishnan,invalid_email,smartwatch v2,2/19/2025,Technical Issue,Refund request,Need more information about warranty. (issue persisting).,Medium,19.3,143,1
TKT-1099,Aditya Rao,aditya.rao9@gmail.com,smartwatch v2,3/26/2025,Refund Request,Delivery delay,unacceptable delay! Not compatible with my device. I am very disappointed and need an urgent resolution.,High,18.9,235.1,2
TKT-1100,Devansh Rao,devansh.rao0@gmail.com,noise-canceling headphones,01-02-2025,Cancellation Request,Software bug,Application crashes frequently. (moderately concerned).,Medium,15.7,164.8,5
TKT-1101,Kavya Mehta,kavya.mehta1@gmail.com,smartwatch v2,2/22/2025,Cancellation Request,Overcharge issue,Double charge on credit card. (issue persisting).,Medium,13.6,180.2,4
TKT-1102,Vihaan Sharma,vihaan.sharma2@gmail.com,wireless mouse,03-12-2025,Refund Request,Compatibility issue,Bluetooth connection drops frequently. (please check).,Medium,11.3,161.7,3
TKT-1103,Siddharth Verma,invalid_email,bluetooth speaker,3/18/2025,Cancellation Request,Billing error,Need more information about warranty. (disappointed with delayed resolution).,Medium,8,165.7,1
TKT-1104,Isha Rao,invalid_email,bluetooth speaker,03-11-2025,Technical Issue,Compatibility issue,Bluetooth connection drops frequently. (moderately concerned).,Medium,22,233.9,5
TKT-1105,Vihaan Nair,invalid_email,smartwatch v2,1/20/2025,Product Question,Damaged item,Item damaged during transit. (moderately concerned).,Medium,8.1,72.4,4
TKT-1106,Anya Nair,anya.nair6@gmail.com,4k monitor 27in,3/21/2025,Technical Issue,Product setup,Delivery arrived much later than expected. (disappointed with delayed resolution).,Medium,11.5,153.2,2
TKT-1107,Kavya Iyer,invalid_email,wireless mouse,03-12-2025,Billing Inquiry,Refund request,extremely frustrated! Need more information about warranty. I am very disappointed and need an urgent resolution.,High,8.3,214.3,1
TKT-1108,Devansh Krishnan,devansh.krishnan8@gmail.com,laptop pro 15,3/21/2025,Product Question,Refund request,Need more information about warranty. (disappointed with delayed resolution).,Medium,0.6,204.4,2
TKT-1109,Ananya Rao,ananya.rao9@gmail.com,gaming console z,02-01-2025,Cancellation Request,Delivery delay,critical failure! Not compatible with my device. I am very disappointed and need an urgent resolution.,High,18.8,131,4
TKT-1110,Ananya Iyer,ananya.iyer0@gmail.com,wireless mouse,3/22/2025,Cancellation Request,Refund request,Need more information about warranty. (please check).,Medium,0.7,113.8,3
TKT-1111,Vihaan Rao,vihaan.rao1@gmail.com,laptop pro 15,2/19/2025,Technical Issue,Order tracking,Order status not updating. (issue persisting).,Medium,0.7,159.9,5
TKT-1112,Devansh Iyer,devansh.iyer2@gmail.com,gaming console z,03-09-2025,Cancellation Request,Warranty inquiry,disappointed! Need more information about warranty. I am very disappointed and need an urgent resolution.,High,5.1,192.4,4
TKT-1113,Aanya Nair,invalid_email,4k monitor 27in,2/17/2025,Product Question,Damaged item,Item damaged during transit. (need assistance).,Medium,23.3,124.9,1
TKT-1114,Diya Krishnan,diya.krishnan4@gmail.com,smartwatch v2,2/13/2025,Billing Inquiry,Software bug,unacceptable delay! Application crashes frequently. I am very disappointed and need an urgent resolution.,High,17.2,166.4,2
TKT-1115,Isha Krishnan,invalid_email,smartwatch v2,2/18/2025,Refund Request,Compatibility issue,Bluetooth connection drops frequently. (issue persisting).,Medium,0.2,216.5,5
TKT-1116,Isha Verma,invalid_email,wireless mouse,02-08-2025,Refund Request,Software bug,Application crashes frequently. (please check).,Medium,0.7,144.1,3
TKT-1117,Isha Patel,invalid_email,bluetooth speaker,3/27/2025,Billing Inquiry,Product setup,disappointed! Delivery arrived much later than expected. I am very disappointed and need an urgent resolution.,High,8.1,192.4,2
TKT-1118,Siddharth Iyer,siddharth.iyer8@gmail.com,bluetooth speaker,3/20/2025,Refund Request,Damaged item,Item damaged during transit. (moderately concerned).,Medium,7.9,127.3,1
TKT-1119,Kavya Sharma,kavya.sharma9@gmail.com,gaming console z,03-02-2025,Billing Inquiry,Damaged item,unacceptable delay! Item damaged during transit. I am very disappointed and need an urgent resolution.,High,1,173.8,4
TKT-1120,Vihaan Sharma,vihaan.sharma0@gmail.com,wireless mouse,01-11-2025,Cancellation Request,Software bug,Application crashes frequently. (need assistance).,Medium,0.8,96.5,3
TKT-1121,Rohan Mehta,rohan.mehta1@gmail.com,wireless mouse,3/18/2025,Refund Request,Software bug,unacceptable delay! Application crashes frequently. I am very disappointed and need an urgent resolution.,High,13.6,180.2,5
TKT-1122,Kavya Verma,kavya.verma2@gmail.com,4k monitor 27in,3/27/2025,Billing Inquiry,Damaged item,unacceptable delay! Item damaged during transit. I am very disappointed and need an urgent resolution.,High,14,211.5,2
TKT-1123,Siddharth Nair,siddharth.nair3@gmail.com,smartwatch v2,02-01-2025,Technical Issue,Damaged item,Item damaged during transit. (issue persisting).,Medium,22,105.8,4
TKT-1124,Ananya Iyer,ananya.iyer4@gmail.com,smartwatch v2,3/24/2025,Technical Issue,Software bug,Application crashes frequently. (issue persisting).,Medium,18,147.2,1
TKT-1125,Aarav Verma,invalid_email,gaming console z,2/19/2025,Cancellation Request,Compatibility issue,Bluetooth connection drops frequently. (need assistance).,Medium,14.6,134.7,2
TKT-1126,Arjun Menon,invalid_email,bluetooth speaker,2/26/2025,Cancellation Request,Damaged item,unacceptable delay! Item damaged during transit. I am very disappointed and need an urgent resolution.,High,0.7,117.9,5
TKT-1127,Rohan Krishnan,rohan.krishnan7@gmail.com,bluetooth speaker,03-12-2025,Refund Request,Damaged item,terrible experience! Item damaged during transit. I am very disappointed and need an urgent resolution.,High,15.6,220.5,3
TKT-1128,Vivaan Verma,vivaan.verma8@gmail.com,smartwatch v2,02-03-2025,Cancellation Request,Compatibility issue,unacceptable delay! Bluetooth connection drops frequently. I am very disappointed and need an urgent resolution.,High,23.4,196.2,1
TKT-1129,Ananya Krishnan,ananya.krishnan9@gmail.com,4k monitor 27in,1/16/2025,Cancellation Request,Warranty inquiry,extremely frustrated! Need more information about warranty. I am very disappointed and need an urgent resolution.,High,2.4,103.5,4
TKT-1130,Aanya Rao,invalid_email,4k monitor 27in,3/18/2025,Product Question,Product setup,disappointed! Delivery arrived much later than expected. I am very disappointed and need an urgent resolution.,High,19.3,212.7,2
TKT-1131,Aarav Iyer,invalid_email,gaming console z,3/18/2025,Product Question,Order tracking,Order status not updating. (please check).,Medium,0.5,134,5
TKT-1132,Devansh Iyer,devansh.iyer2@gmail.com,noise-canceling headphones,3/19/2025,Product Question,Product setup,unacceptable delay! Delivery arrived much later than expected. I am very disappointed and need an urgent resolution.,High,11.2,168,3
TKT-1133,Kavya Krishnan,kavya.krishnan3@gmail.com,smartwatch v2,2/25/2025,Refund Request,Damaged item,terrible experience! Item damaged during transit. I am very disappointed and need an urgent resolution.,High,8,172.9,1
TKT-1134,Devansh Sharma,devansh.sharma4@gmail.com,wireless mouse,3/17/2025,Refund Request,Warranty inquiry,unacceptable delay! Need more information about warranty. I am very disappointed and need an urgent resolution.,High,9.4,228.6,4
TKT-1135,Siddharth Patel,invalid_email,bluetooth speaker,2/26/2025,Refund Request,Delivery delay,Not compatible with my device. (need assistance).,Medium,14.6,183.7,2
TKT-1136,Aarav Krishnan,aarav.krishnan6@gmail.com,gaming console z,3/27/2025,Technical Issue,Refund request,unacceptable delay! Need more information about warranty. I am very disappointed and need an urgent resolution.,High,0.6,204.4,5
TKT-1137,Siddharth Verma,invalid_email,smartwatch v2,2/19/2025,Refund Request,Refund request,extremely frustrated! Need more information about warranty. I am very disappointed and need an urgent resolution.,High,19.3,143,3
TKT-1138,Aarav Sharma,aarav.sharma8@gmail.com,smartwatch v2,3/26/2025,Billing Inquiry,Delivery delay,Not compatible with my device. (please check).,Medium,18.9,235.1,1
TKT-1139,Vivaan Sharma,vivaan.sharma9@gmail.com,noise-canceling headphones,01-02-2025,Product Question,Software bug,Application crashes frequently. (moderately concerned).,Medium,15.7,164.8,4
TKT-1140,Rohan Mehta,rohan.mehta0@gmail.com,smartwatch v2,2/22/2025,Cancellation Request,Overcharge issue,Double charge on credit card. (issue persisting).,Medium,13.6,180.2,2
TKT-1141,Devansh Krishnan,invalid_email,wireless mouse,03-12-2025,Technical Issue,Compatibility issue,Bluetooth connection drops frequently. (need assistance).,Medium,11.3,161.7,5
TKT-1142,Aanya Nair,aanya.nair2@gmail.com,bluetooth speaker,3/18/2025,Billing Inquiry,Billing error,Need more information about warranty. (need assistance).,Medium,8,165.7,3
TKT-1143,Rohan Nair,invalid_email,bluetooth speaker,03-11-2025,Product Question,Compatibility issue,Bluetooth connection drops frequently. (issue persisting).,Medium,22,233.9,1
TKT-1144,Siddharth Iyer,siddharth.iyer4@gmail.com,smartwatch v2,1/20/2025,Product Question,Damaged item,unacceptable delay! Item damaged during transit. I am very disappointed and need an urgent resolution.,High,8.1,72.4,4
TKT-1145,Vihaan Menon,vihaan.menon5@gmail.com,4k monitor 27in,3/21/2025,Cancellation Request,Product setup,unacceptable delay! Delivery arrived much later than expected. I am very disappointed and need an urgent resolution.,High,11.5,153.2,2
TKT-1146,Ananya Mehta,ananya.mehta6@gmail.com,wireless mouse,03-12-2025,Cancellation Request,Refund request,Need more information about warranty. (moderately concerned).,Medium,8.3,214.3,5
TKT-1147,Aarav Mehta,invalid_email,laptop pro 15,3/21/2025,Billing Inquiry,Refund request,unacceptable delay! Need more information about warranty. I am very disappointed and need an urgent resolution.,High,0.6,204.4,1
TKT-1148,Vivaan Iyer,vivaan.iyer8@gmail.com,gaming console z,02-01-2025,Product Question,Delivery delay,Not compatible with my device. (need assistance).,Medium,18.8,131,3
TKT-1149,Aarav Joshi,aarav.joshi9@gmail.com,wireless mouse,3/22/2025,Cancellation Request,Refund request,extremely frustrated! Need more information about warranty. I am very disappointed and need an urgent resolution.,High,0.7,113.8,4
TKT-1150,Kavya Mehta,kavya.mehta0@gmail.com,laptop pro 15,2/19/2025,Product Question,Order tracking,Order status not updating. (moderately concerned).,Medium,0.7,159.9,2
TKT-1151,Devansh Krishnan,devansh.krishnan1@gmail.com,gaming console z,03-09-2025,Refund Request,Warranty inquiry,Need more information about warranty. (issue persisting).,Medium,5.1,192.4,5
TKT-1152,Vivaan Verma,vivaan.verma2@gmail.com,4k monitor 27in,2/17/2025,Cancellation Request,Damaged item,unacceptable delay! Item damaged during transit. I am very disappointed and need an urgent resolution.,High,23.3,124.9,3
TKT-1153,Devansh Sharma,invalid_email,smartwatch v2,2/13/2025,Technical Issue,Software bug,unacceptable delay! Application crashes frequently. I am very disappointed and need an urgent resolution.,High,17.2,166.4,1
TKT-1154,Devansh Sharma,devansh.sharma4@gmail.com,smartwatch v2,2/18/2025,Cancellation Request,Compatibility issue,Bluetooth connection drops frequently. (please check).,Medium,0.2,216.5,4
TKT-1155,Aditya Joshi,invalid_email,wireless mouse,02-08-2025,Billing Inquiry,Software bug,unacceptable delay! Application crashes frequently. I am very disappointed and need an urgent resolution.,High,0.7,144.1,2
TKT-1156,Vivaan Joshi,vivaan.joshi6@gmail.com,bluetooth speaker,3/27/2025,Technical Issue,Product setup,disappointed! Delivery arrived much later than expected. I am very disappointed and need an urgent resolution.,High,8.1,192.4,5
TKT-1157,Aditya Verma,aditya.verma7@gmail.com,bluetooth speaker,3/20/2025,Refund Request,Damaged item,unacceptable delay! Item damaged during transit. I am very disappointed and need an urgent resolution.,High,7.9,127.3,3
TKT-1158,Vivaan Krishnan,vivaan.krishnan8@gmail.com,gaming console z,03-02-2025,Cancellation Request,Damaged item,terrible experience! Item damaged during transit. I am very disappointed and need an urgent resolution.,High,1,173.8,1
TKT-1159,Isha Verma,isha.verma9@gmail.com,wireless mouse,01-11-2025,Cancellation Request,Software bug,unacceptable delay! Application crashes frequently. I am very disappointed and need an urgent resolution.,High,0.8,96.5,4
TKT-1160,Isha Sharma,invalid_email,wireless mouse,3/18/2025,Refund Request,Software bug,unacceptable delay! Application crashes frequently. I am very disappointed and need an urgent resolution.,High,13.6,180.2,2
TKT-1161,Aditya Nair,aditya.nair1@gmail.com,4k monitor 27in,3/27/2025,Technical Issue,Damaged item,Item damaged during transit. (moderately concerned).,Medium,14,211.5,5
TKT-1162,Aditya Iyer,invalid_email,smartwatch v2,02-01-2025,Cancellation Request,Damaged item,Item damaged during transit. (moderately concerned).,Medium,22,105.8,3
TKT-1163,Vivaan Rao,vivaan.rao3@gmail.com,smartwatch v2,3/24/2025,Billing Inquiry,Software bug,Application crashes frequently. (disappointed with delayed resolution).,Medium,18,147.2,1
TKT-1164,Anya Sharma,anya.sharma4@gmail.com,gaming console z,2/19/2025,Technical Issue,Compatibility issue,Bluetooth connection drops frequently. (please check).,Medium,14.6,134.7,4
TKT-1165,Siddharth Menon,siddharth.menon5@gmail.com,bluetooth speaker,2/26/2025,Cancellation Request,Damaged item,unacceptable delay! Item damaged during transit. I am very disappointed and need an urgent resolution.,High,0.7,117.9,2
TKT-1166,Aditya Menon,aditya.menon6@gmail.com,bluetooth speaker,03-12-2025,Cancellation Request,Damaged item,terrible experience! Item damaged during transit. I am very disappointed and need an urgent resolution.,High,15.6,220.5,5
TKT-1167,Rohan Rao,rohan.rao7@gmail.com,smartwatch v2,02-03-2025,Billing Inquiry,Compatibility issue,unacceptable delay! Bluetooth connection drops frequently. I am very disappointed and need an urgent resolution.,High,23.4,196.2,3
TKT-1168,Vihaan Nair,invalid_email,4k monitor 27in,1/16/2025,Cancellation Request,Warranty inquiry,Need more information about warranty. (need assistance).,Medium,2.4,103.5,1
TKT-1169,Isha Rao,isha.rao9@gmail.com,4k monitor 27in,3/18/2025,Cancellation Request,Product setup,Delivery arrived much later than expected. (disappointed with delayed resolution).,Medium,19.3,212.7,4
TKT-1170,Vihaan Sharma,invalid_email,gaming console z,3/18/2025,Product Question,Order tracking,Order status not updating. (moderately concerned).,Medium,0.5,134,2
TKT-1171,Kavya Krishnan,kavya.krishnan1@gmail.com,noise-canceling headphones,3/19/2025,Technical Issue,Product setup,unacceptable delay! Delivery arrived much later than expected. I am very disappointed and need an urgent resolution.,High,11.2,168,5
TKT-1172,Devansh Iyer,devansh.iyer2@gmail.com,smartwatch v2,2/25/2025,Cancellation Request,Damaged item,terrible experience! Item damaged during transit. I am very disappointed and need an urgent resolution.,High,8,172.9,3
TKT-1173,Aditya Nair,aditya.nair3@gmail.com,wireless mouse,3/17/2025,Technical Issue,Warranty inquiry,extremely frustrated! Need more information about warranty. I am very disappointed and need an urgent resolution.,High,9.4,228.6,1
TKT-1174,Kavya Nair,kavya.nair4@gmail.com,bluetooth speaker,2/26/2025,Cancellation Request,Delivery delay,Not compatible with my device. (disappointed with delayed resolution).,Medium,14.6,183.7,4
TKT-1175,Isha Joshi,invalid_email,gaming console z,3/27/2025,Cancellation Request,Refund request,Need more information about warranty. (please check).,Medium,0.6,204.4,2
TKT-1176,Siddharth Joshi,siddharth.joshi6@gmail.com,smartwatch v2,2/19/2025,Product Question,Refund request,disappointed! Need more information about warranty. I am very disappointed and need an urgent resolution.,High,19.3,143,5
TKT-1177,Ananya Verma,ananya.verma7@gmail.com,smartwatch v2,3/26/2025,Cancellation Request,Delivery delay,unacceptable delay! Not compatible with my device. I am very disappointed and need an urgent resolution.,High,18.9,235.1,3
TKT-1178,Devansh Krishnan,invalid_email,noise-canceling headphones,01-02-2025,Product Question,Software bug,Application crashes frequently. (please check).,Medium,15.7,164.8,1
TKT-1179,Rohan Joshi,invalid_email,smartwatch v2,2/22/2025,Billing Inquiry,Overcharge issue,Double charge on credit card. (issue persisting).,Medium,13.6,180.2,4
TKT-1180,Siddharth Joshi,siddharth.joshi0@gmail.com,wireless mouse,03-12-2025,Billing Inquiry,Compatibility issue,Bluetooth connection drops frequently. (please check).,Medium,11.3,161.7,2
TKT-1181,Diya Mehta,invalid_email,bluetooth speaker,3/18/2025,Technical Issue,Billing error,unacceptable delay! Need more information about warranty. I am very disappointed and need an urgent resolution.,High,8,165.7,5
TKT-1182,Vivaan Verma,invalid_email,bluetooth speaker,03-11-2025,Billing Inquiry,Compatibility issue,unacceptable delay! Bluetooth connection drops frequently. I am very disappointed and need an urgent resolution.,High,22,233.9,3
TKT-1183,Ananya Sharma,ananya.sharma3@gmail.com,smartwatch v2,1/20/2025,Cancellation Request,Damaged item,unacceptable delay! Item damaged during transit. I am very disappointed and need an urgent resolution.,High,8.1,72.4,1
TKT-1184,Siddharth Joshi,invalid_email,4k monitor 27in,3/21/2025,Refund Request,Product setup,unacceptable delay! Delivery arrived much later than expected. I am very disappointed and need an urgent resolution.,High,11.5,153.2,4
TKT-1185,Aditya Iyer,aditya.iyer5@gmail.com,wireless mouse,03-12-2025,Technical Issue,Refund request,Need more information about warranty. (need assistance).,Medium,8.3,214.3,2
TKT-1186,Siddharth Rao,invalid_email,laptop pro 15,3/21/2025,Cancellation Request,Refund request,unacceptable delay! Need more information about warranty. I am very disappointed and need an urgent resolution.,High,0.6,204.4,5
TKT-1187,Diya Nair,invalid_email,gaming console z,02-01-2025,Cancellation Request,Delivery delay,Not compatible with my device. (need assistance).,Medium,18.8,131,3
TKT-1188,Devansh Nair,devansh.nair8@gmail.com,wireless mouse,3/22/2025,Billing Inquiry,Refund request,unacceptable delay! Need more information about warranty. I am very disappointed and need an urgent resolution.,High,0.7,113.8,1
TKT-1189,Isha Rao,isha.rao9@gmail.com,laptop pro 15,2/19/2025,Billing Inquiry,Order tracking,extremely frustrated! Order status not updating. I am very disappointed and need an urgent resolution.,High,0.7,159.9,4
TKT-1190,Rohan Mehta,invalid_email,gaming console z,03-09-2025,Technical Issue,Warranty inquiry,Need more information about warranty. (please check).,Medium,5.1,192.4,2
TKT-1191,Isha Nair,isha.nair1@gmail.com,4k monitor 27in,2/17/2025,Technical Issue,Damaged item,unacceptable delay! Item damaged during transit. I am very disappointed and need an urgent resolution.,High,23.3,124.9,5
TKT-1192,Kavya Krishnan,invalid_email,smartwatch v2,2/13/2025,Product Question,Software bug,unacceptable delay! Application crashes frequently. I am very disappointed and need an urgent resolution.,High,17.2,166.4,3
TKT-1193,Vihaan Krishnan,vihaan.krishnan3@gmail.com,smartwatch v2,2/18/2025,Technical Issue,Compatibility issue,Bluetooth connection drops frequently. (disappointed with delayed resolution).,Medium,0.2,216.5,1
TKT-1194,Aditya Nair,aditya.nair4@gmail.com,wireless mouse,02-08-2025,Cancellation Request,Software bug,Application crashes frequently. (moderately concerned).,Medium,0.7,144.1,4
TKT-1195,Vivaan Patel,vivaan.patel5@gmail.com,bluetooth speaker,3/27/2025,Technical Issue,Product setup,unacceptable delay! Delivery arrived much later than expected. I am very disappointed and need an urgent resolution.,High,8.1,192.4,2
TKT-1196,Devansh Sharma,devansh.sharma6@gmail.com,bluetooth speaker,3/20/2025,Technical Issue,Damaged item,Item damaged during transit. (moderately concerned).,Medium,7.9,127.3,5
TKT-1197,Ananya Iyer,ananya.iyer7@gmail.com,gaming console z,03-02-2025,Technical Issue,Damaged item,unacceptable delay! Item damaged during transit. I am very disappointed and need an urgent resolution.,High,1,173.8,3
TKT-1198,Vihaan Verma,invalid_email,wireless mouse,01-11-2025,Refund Request,Software bug,terrible experience! Application crashes frequently. I am very disappointed and need an urgent resolution.,High,0.8,96.5,1
TKT-1199,Kavya Iyer,invalid_email,wireless mouse,3/18/2025,Billing Inquiry,Software bug,terrible experience! Application crashes frequently. I am very disappointed and need an urgent resolution.,High,13.6,180.2,4
TKT-1200,Aanya Menon,aanya.menon0@gmail.com,4k monitor 27in,3/27/2025,Cancellation Request,Damaged item,Item damaged during transit. (issue persisting).,Medium,14,211.5,2
TKT-1201,Vihaan Verma,invalid_email,smartwatch v2,02-01-2025,Billing Inquiry,Damaged item,unacceptable delay! Item damaged during transit. I am very disappointed and need an urgent resolution.,High,22,105.8,5
TKT-1202,Kavya Mehta,kavya.mehta2@gmail.com,smartwatch v2,3/24/2025,Billing Inquiry,Software bug,Application crashes frequently. (moderately concerned).,Medium,18,147.2,3
TKT-1203,Kavya Verma,kavya.verma3@gmail.com,gaming console z,2/19/2025,Product Question,Compatibility issue,Bluetooth connection drops frequently. (please check).,Medium,14.6,134.7,1
TKT-1204,Diya Iyer,diya.iyer4@gmail.com,bluetooth speaker,2/26/2025,Refund Request,Damaged item,unacceptable delay! Item damaged during transit. I am very disappointed and need an urgent resolution.,High,0.7,117.9,4
TKT-1205,Arjun Menon,arjun.menon5@gmail.com,bluetooth speaker,03-12-2025,Product Question,Damaged item,extremely frustrated! Item damaged during transit. I am very disappointed and need an urgent resolution.,High,15.6,220.5,2
TKT-1206,Devansh Rao,devansh.rao6@gmail.com,smartwatch v2,02-03-2025,Technical Issue,Compatibility issue,unacceptable delay! Bluetooth connection drops frequently. I am very disappointed and need an urgent resolution.,High,23.4,196.2,5
TKT-1207,Devansh Rao,invalid_email,4k monitor 27in,1/16/2025,Refund Request,Warranty inquiry,Need more information about warranty. (moderately concerned).,Medium,2.4,103.5,3
TKT-1208,Isha Menon,isha.menon8@gmail.com,4k monitor 27in,3/18/2025,Billing Inquiry,Product setup,Delivery arrived much later than expected. (disappointed with delayed resolution).,Medium,19.3,212.7,1
TKT-1209,Diya Nair,diya.nair9@gmail.com,gaming console z,3/18/2025,Technical Issue,Order tracking,Order status not updating. (please check).,Medium,0.5,134,4
TKT-1210,Anya Patel,anya.patel0@gmail.com,noise-canceling headphones,3/19/2025,Cancellation Request,Product setup,unacceptable delay! Delivery arrived much later than expected. I am very disappointed and need an urgent resolution.,High,11.2,168,2
TKT-1211,Devansh Krishnan,devansh.krishnan1@gmail.com,smartwatch v2,2/25/2025,Product Question,Damaged item,unacceptable delay! Item damaged during transit. I am very disappointed and need an urgent resolution.,High,8,172.9,5
TKT-1212,Ananya Patel,ananya.patel2@gmail.com,wireless mouse,3/17/2025,Product Question,Warranty inquiry,extremely frustrated! Need more information about warranty. I am very disappointed and need an urgent resolution.,High,9.4,228.6,3
TKT-1213,Rohan Verma,invalid_email,bluetooth speaker,2/26/2025,Technical Issue,Delivery delay,Not compatible with my device. (need assistance).,Medium,14.6,183.7,1
TKT-1214,Diya Sharma,diya.sharma4@gmail.com,gaming console z,3/27/2025,Technical Issue,Refund request,unacceptable delay! Need more information about warranty. I am very disappointed and need an urgent resolution.,High,0.6,204.4,4
TKT-1215,Aanya Iyer,aanya.iyer5@gmail.com,smartwatch v2,2/19/2025,Billing Inquiry,Refund request,Need more information about warranty. (need assistance).,Medium,19.3,143,2
TKT-1216,Aditya Sharma,invalid_email,smartwatch v2,3/26/2025,Billing Inquiry,Delivery delay,disappointed! Not compatible with my device. I am very disappointed and need an urgent resolution.,High,18.9,235.1,5
TKT-1217,Isha Iyer,isha.iyer7@gmail.com,noise-canceling headphones,01-02-2025,Cancellation Request,Software bug,Application crashes frequently. (disappointed with delayed resolution).,Medium,15.7,164.8,3
TKT-1218,Siddharth Verma,siddharth.verma8@gmail.com,smartwatch v2,2/22/2025,Cancellation Request,Overcharge issue,unacceptable delay! Double charge on credit card. I am very disappointed and need an urgent resolution.,High,13.6,180.2,1
TKT-1219,Ananya Krishnan,invalid_email,wireless mouse,03-12-2025,Technical Issue,Compatibility issue,Bluetooth connection drops frequently. (please check).,Medium,11.3,161.7,4
TKT-1220,Vihaan Rao,vihaan.rao0@gmail.com,bluetooth speaker,3/18/2025,Technical Issue,Billing error,unacceptable delay! Need more information about warranty. I am very disappointed and need an urgent resolution.,High,8,165.7,2
TKT-1221,Vihaan Menon,vihaan.menon1@gmail.com,bluetooth speaker,03-11-2025,Product Question,Compatibility issue,Bluetooth connection drops frequently. (moderately concerned).,Medium,22,233.9,5
TKT-1222,Devansh Mehta,devansh.mehta2@gmail.com,smartwatch v2,1/20/2025,Billing Inquiry,Damaged item,unacceptable delay! Item damaged during transit. I am very disappointed and need an urgent resolution.,High,8.1,72.4,3
TKT-1223,Arjun Menon,arjun.menon3@gmail.com,4k monitor 27in,3/21/2025,Refund Request,Product setup,disappointed! Delivery arrived much later than expected. I am very disappointed and need an urgent resolution.,High,11.5,153.2,1
TKT-1224,Siddharth Iyer,siddharth.iyer4@gmail.com,wireless mouse,03-12-2025,Cancellation Request,Refund request,unacceptable delay! Need more information about warranty. I am very disappointed and need an urgent resolution.,High,8.3,214.3,4
TKT-1225,Kavya Iyer,kavya.iyer5@gmail.com,laptop pro 15,3/21/2025,Cancellation Request,Refund request,unacceptable delay! Need more information about warranty. I am very disappointed and need an urgent resolution.,High,0.6,204.4,2
TKT-1226,Diya Verma,diya.verma6@gmail.com,gaming console z,02-01-2025,Technical Issue,Delivery delay,Not compatible with my device. (need assistance).,Medium,18.8,131,5
TKT-1227,Siddharth Krishnan,siddharth.krishnan7@gmail.com,wireless mouse,3/22/2025,Refund Request,Refund request,unacceptable delay! Need more information about warranty. I am very disappointed and need an urgent resolution.,High,0.7,113.8,3
TKT-1228,Aarav Iyer,aarav.iyer8@gmail.com,laptop pro 15,2/19/2025,Technical Issue,Order tracking,Order status not updating. (issue persisting).,Medium,0.7,159.9,1
TKT-1229,Vivaan Sharma,invalid_email,gaming console z,03-09-2025,Technical Issue,Warranty inquiry,disappointed! Need more information about warranty. I am very disappointed and need an urgent resolution.,High,5.1,192.4,4
TKT-1230,Diya Rao,diya.rao0@gmail.com,4k monitor 27in,2/17/2025,Refund Request,Damaged item,unacceptable delay! Item damaged during transit. I am very disappointed and need an urgent resolution.,High,23.3,124.9,2
TKT-1231,Devansh Krishnan,devansh.krishnan1@gmail.com,smartwatch v2,2/13/2025,Refund Request,Software bug,terrible experience! Application crashes frequently. I am very disappointed and need an urgent resolution.,High,17.2,166.4,5
TKT-1232,Kavya Menon,kavya.menon2@gmail.com,smartwatch v2,2/18/2025,Cancellation Request,Compatibility issue,Bluetooth connection drops frequently. (moderately concerned).,Medium,0.2,216.5,3
TKT-1233,Kavya Verma,kavya.verma3@gmail.com,wireless mouse,02-08-2025,Technical Issue,Software bug,Application crashes frequently. (moderately concerned).,Medium,0.7,144.1,1
TKT-1234,Devansh Iyer,devansh.iyer4@gmail.com,bluetooth speaker,3/27/2025,Technical Issue,Product setup,Delivery arrived much later than expected. (disappointed with delayed resolution).,Medium,8.1,192.4,4
TKT-1235,Siddharth Rao,invalid_email,bluetooth speaker,3/20/2025,Refund Request,Damaged item,unacceptable delay! Item damaged during transit. I am very disappointed and need an urgent resolution.,High,7.9,127.3,2
TKT-1236,Ananya Mehta,invalid_email,gaming console z,03-02-2025,Billing Inquiry,Damaged item,Item damaged during transit. (moderately concerned).,Medium,1,173.8,5
TKT-1237,Devansh Nair,devansh.nair7@gmail.com,wireless mouse,01-11-2025,Product Question,Software bug,Application crashes frequently. (disappointed with delayed resolution).,Medium,0.8,96.5,3
TKT-1238,Aditya Patel,aditya.patel8@gmail.com,wireless mouse,3/18/2025,Billing Inquiry,Software bug,unacceptable delay! Application crashes frequently. I am very disappointed and need an urgent resolution.,High,13.6,180.2,1
TKT-1239,Aditya Krishnan,aditya.krishnan9@gmail.com,4k monitor 27in,3/27/2025,Refund Request,Damaged item,unacceptable delay! Item damaged during transit. I am very disappointed and need an urgent resolution.,High,14,211.5,4
TKT-1240,Ananya Verma,invalid_email,smartwatch v2,02-01-2025,Cancellation Request,Damaged item,Item damaged during transit. (issue persisting).,Medium,22,105.8,2
TKT-1241,Ananya Rao,invalid_email,smartwatch v2,3/24/2025,Billing Inquiry,Software bug,terrible experience! Application crashes frequently. I am very disappointed and need an urgent resolution.,High,18,147.2,5
TKT-1242,Aditya Patel,aditya.patel2@gmail.com,gaming console z,2/19/2025,Billing Inquiry,Compatibility issue,Bluetooth connection drops frequently. (moderately concerned).,Medium,14.6,134.7,3
TKT-1243,Kavya Verma,kavya.verma3@gmail.com,bluetooth speaker,2/26/2025,Product Question,Damaged item,Item damaged during transit. (need assistance).,Medium,0.7,117.9,1
TKT-1244,Devansh Iyer,devansh.iyer4@gmail.com,bluetooth speaker,03-12-2025,Refund Request,Damaged item,critical failure! Item damaged during transit. I am very disappointed and need an urgent resolution.,High,15.6,220.5,4
TKT-1245,Isha Mehta,invalid_email,smartwatch v2,02-03-2025,Refund Request,Compatibility issue,unacceptable delay! Bluetooth connection drops frequently. I am very disappointed and need an urgent resolution.,High,23.4,196.2,2
TKT-1246,Siddharth Verma,siddharth.verma6@gmail.com,4k monitor 27in,1/16/2025,Refund Request,Warranty inquiry,extremely frustrated! Need more information about warranty. I am very disappointed and need an urgent resolution.,High,2.4,103.5,5
TKT-1247,Ananya Verma,ananya.verma7@gmail.com,4k monitor 27in,3/18/2025,Refund Request,Product setup,Delivery arrived much later than expected. (disappointed with delayed resolution).,Medium,19.3,212.7,3
TKT-1248,Aarav Verma,aarav.verma8@gmail.com,gaming console z,3/18/2025,Technical Issue,Order tracking,unacceptable delay! Order status not updating. I am very disappointed and need an urgent resolution.,High,0.5,134,1
TKT-1249,Siddharth Joshi,invalid_email,noise-canceling headphones,3/19/2025,Technical Issue,Product setup,Delivery arrived much later than expected. (disappointed with delayed resolution).,Medium,11.2,168,4
TKT-1250,Aanya Menon,aanya.menon0@gmail.com,smartwatch v2,2/25/2025,Billing Inquiry,Damaged item,extremely frustrated! Item damaged during transit. I am very disappointed and need an urgent resolution.,High,8,172.9,2
TKT-1251,Vihaan Mehta,vihaan.mehta1@gmail.com,wireless mouse,3/17/2025,Product Question,Warranty inquiry,URGENT! Need more information about warranty. I am very disappointed and need an urgent resolution.,High,9.4,228.6,5
TKT-1252,Kavya Iyer,kavya.iyer2@gmail.com,bluetooth speaker,2/26/2025,Product Question,Delivery delay,extremely frustrated! Not compatible with my device. I am very disappointed and need an urgent resolution.,High,14.6,183.7,3
TKT-1253,Rohan Krishnan,rohan.krishnan3@gmail.com,gaming console z,3/27/2025,Cancellation Request,Refund request,unacceptable delay! Need more information about warranty. I am very disappointed and need an urgent resolution.,High,0.6,204.4,1
TKT-1254,Rohan Nair,invalid_email,smartwatch v2,2/19/2025,Refund Request,Refund request,extremely frustrated! Need more information about warranty. I am very disappointed and need an urgent resolution.,High,19.3,143,4
TKT-1255,Siddharth Rao,siddharth.rao5@gmail.com,smartwatch v2,3/26/2025,Billing Inquiry,Delivery delay,Not compatible with my device. (need assistance).,Medium,18.9,235.1,2
TKT-1256,Diya Verma,diya.verma6@gmail.com,noise-canceling headphones,01-02-2025,Technical Issue,Software bug,critical failure! Application crashes frequently. I am very disappointed and need an urgent resolution.,High,15.7,164.8,5
TKT-1257,Siddharth Nair,siddharth.nair7@gmail.com,smartwatch v2,2/22/2025,Technical Issue,Overcharge issue,Double charge on credit card. (please check).,Medium,13.6,180.2,3
TKT-1258,Kavya Menon,kavya.menon8@gmail.com,wireless mouse,03-12-2025,Cancellation Request,Compatibility issue,unacceptable delay! Bluetooth connection drops frequently. I am very disappointed and need an urgent resolution.,High,11.3,161.7,1
TKT-1259,Anya Nair,anya.nair9@gmail.com,bluetooth speaker,3/18/2025,Billing Inquiry,Billing error,Need more information about warranty. (please check).,Medium,8,165.7,4
TKT-1260,Aditya Rao,invalid_email,bluetooth speaker,03-11-2025,Cancellation Request,Compatibility issue,disappointed! Bluetooth connection drops frequently. I am very disappointed and need an urgent resolution.,High,22,233.9,2
TKT-1261,Aditya Verma,aditya.verma1@gmail.com,smartwatch v2,1/20/2025,Billing Inquiry,Damaged item,extremely frustrated! Item damaged during transit. I am very disappointed and need an urgent resolution.,High,8.1,72.4,5
TKT-1262,Vihaan Rao,vihaan.rao2@gmail.com,4k monitor 27in,3/21/2025,Cancellation Request,Product setup,Delivery arrived much later than expected. (moderately concerned).,Medium,11.5,153.2,3
TKT-1263,Isha Krishnan,isha.krishnan3@gmail.com,wireless mouse,03-12-2025,Refund Request,Refund request,unacceptable delay! Need more information about warranty. I am very disappointed and need an urgent resolution.,High,8.3,214.3,1
TKT-1264,Ananya Mehta,ananya.mehta4@gmail.com,laptop pro 15,3/21/2025,Billing Inquiry,Refund request,extremely frustrated! Need more information about warranty. I am very disappointed and need an urgent resolution.,High,0.6,204.4,4
TKT-1265,Vivaan Iyer,vivaan.iyer5@gmail.com,gaming console z,02-01-2025,Refund Request,Delivery delay,Not compatible with my device. (need assistance).,Medium,18.8,131,2
TKT-1266,Vihaan Rao,vihaan.rao6@gmail.com,wireless mouse,3/22/2025,Refund Request,Refund request,disappointed! Need more information about warranty. I am very disappointed and need an urgent resolution.,High,0.7,113.8,5
TKT-1267,Ananya Nair,ananya.nair7@gmail.com,laptop pro 15,2/19/2025,Product Question,Order tracking,Order status not updating. (please check).,Medium,0.7,159.9,3
TKT-1268,Aditya Mehta,invalid_email,gaming console z,03-09-2025,Billing Inquiry,Warranty inquiry,Need more information about warranty. (need assistance).,Medium,5.1,192.4,1
TKT-1269,Devansh Joshi,invalid_email,4k monitor 27in,2/17/2025,Billing Inquiry,Damaged item,unacceptable delay! Item damaged during transit. I am very disappointed and need an urgent resolution.,High,23.3,124.9,4
TKT-1270,Aarav Rao,aarav.rao0@gmail.com,smartwatch v2,2/13/2025,Refund Request,Software bug,terrible experience! Application crashes frequently. I am very disappointed and need an urgent resolution.,High,17.2,166.4,2
TKT-1271,Ananya Iyer,invalid_email,smartwatch v2,2/18/2025,Product Question,Compatibility issue,Bluetooth connection drops frequently. (please check).,Medium,0.2,216.5,5
TKT-1272,Anya Sharma,anya.sharma2@gmail.com,wireless mouse,02-08-2025,Product Question,Software bug,Application crashes frequently. (moderately concerned).,Medium,0.7,144.1,3
TKT-1273,Rohan Verma,invalid_email,bluetooth speaker,3/27/2025,Product Question,Product setup,unacceptable delay! Delivery arrived much later than expected. I am very disappointed and need an urgent resolution.,High,8.1,192.4,1
TKT-1274,Kavya Krishnan,invalid_email,bluetooth speaker,3/20/2025,Technical Issue,Damaged item,critical failure! Item damaged during transit. I am very disappointed and need an urgent resolution.,High,7.9,127.3,4
TKT-1275,Siddharth Nair,invalid_email,gaming console z,03-02-2025,Technical Issue,Damaged item,Item damaged during transit. (issue persisting).,Medium,1,173.8,2
TKT-1276,Devansh Rao,devansh.rao6@gmail.com,wireless mouse,01-11-2025,Billing Inquiry,Software bug,unacceptable delay! Application crashes frequently. I am very disappointed and need an urgent resolution.,High,0.8,96.5,5
TKT-1277,Rohan Krishnan,invalid_email,wireless mouse,3/18/2025,Technical Issue,Software bug,extremely frustrated! Application crashes frequently. I am very disappointed and need an urgent resolution.,High,13.6,180.2,3
TKT-1278,Vivaan Krishnan,vivaan.krishnan8@gmail.com,4k monitor 27in,3/27/2025,Product Question,Damaged item,Item damaged during transit. (issue persisting).,Medium,14,211.5,1
TKT-1279,Devansh Joshi,invalid_email,smartwatch v2,02-01-2025,Product Question,Damaged item,Item damaged during transit. (moderately concerned).,Medium,22,105.8,4
TKT-1280,Aarav Menon,aarav.menon0@gmail.com,smartwatch v2,3/24/2025,Refund Request,Software bug,Application crashes frequently. (disappointed with delayed resolution).,Medium,18,147.2,2
TKT-1281,Vihaan Patel,vihaan.patel1@gmail.com,gaming console z,2/19/2025,Cancellation Request,Compatibility issue,Bluetooth connection drops frequently. (please check).,Medium,14.6,134.7,5
TKT-1282,Devansh Iyer,invalid_email,bluetooth speaker,2/26/2025,Product Question,Damaged item,terrible experience! Item damaged during transit. I am very disappointed and need an urgent resolution.,High,0.7,117.9,3
TKT-1283,Ananya Sharma,ananya.sharma3@gmail.com,bluetooth speaker,03-12-2025,Cancellation Request,Damaged item,extremely frustrated! Item damaged during transit. I am very disappointed and need an urgent resolution.,High,15.6,220.5,1
TKT-1284,Kavya Krishnan,kavya.krishnan4@gmail.com,smartwatch v2,02-03-2025,Refund Request,Compatibility issue,Bluetooth connection drops frequently. (need assistance).,Medium,23.4,196.2,4
TKT-1285,Devansh Iyer,devansh.iyer5@gmail.com,4k monitor 27in,1/16/2025,Billing Inquiry,Warranty inquiry,Need more information about warranty. (need assistance).,Medium,2.4,103.5,2
TKT-1286,Aarav Iyer,invalid_email,4k monitor 27in,3/18/2025,Cancellation Request,Product setup,disappointed! Delivery arrived much later than expected. I am very disappointed and need an urgent resolution.,High,19.3,212.7,5
TKT-1287,Vivaan Krishnan,invalid_email,gaming console z,3/18/2025,Product Question,Order tracking,unacceptable delay! Order status not updating. I am very disappointed and need an urgent resolution.,High,0.5,134,3
TKT-1288,Anya Verma,anya.verma8@gmail.com,noise-canceling headphones,3/19/2025,Product Question,Product setup,disappointed! Delivery arrived much later than expected. I am very disappointed and need an urgent resolution.,High,11.2,168,1
TKT-1289,Siddharth Menon,siddharth.menon9@gmail.com,smartwatch v2,2/25/2025,Refund Request,Damaged item,unacceptable delay! Item damaged during transit. I am very disappointed and need an urgent resolution.,High,8,172.9,4
TKT-1290,Ananya Iyer,ananya.iyer0@gmail.com,wireless mouse,3/17/2025,Refund Request,Warranty inquiry,Need more information about warranty. (please check).,Medium,9.4,228.6,2
TKT-1291,Arjun Sharma,arjun.sharma1@gmail.com,bluetooth speaker,2/26/2025,Refund Request,Delivery delay,Not compatible with my device. (need assistance).,Medium,14.6,183.7,5
TKT-1292,Diya Patel,diya.patel2@gmail.com,gaming console z,3/27/2025,Product Question,Refund request,unacceptable delay! Need more information about warranty. I am very disappointed and need an urgent resolution.,High,0.6,204.4,3
TKT-1293,Devansh Sharma,devansh.sharma3@gmail.com,smartwatch v2,2/19/2025,Technical Issue,Refund request,Need more information about warranty. (issue persisting).,Medium,19.3,143,1
TKT-1294,Devansh Iyer,devansh.iyer4@gmail.com,smartwatch v2,3/26/2025,Refund Request,Delivery delay,unacceptable delay! Not compatible with my device. I am very disappointed and need an urgent resolution.,High,18.9,235.1,4
TKT-1295,Kavya Iyer,invalid_email,noise-canceling headphones,01-02-2025,Cancellation Request,Software bug,Application crashes frequently. (moderately concerned).,Medium,15.7,164.8,2
TKT-1296,Devansh Nair,devansh.nair6@gmail.com,smartwatch v2,2/22/2025,Cancellation Request,Overcharge issue,Double charge on credit card. (issue persisting).,Medium,13.6,180.2,5
TKT-1297,Siddharth Mehta,siddharth.mehta7@gmail.com,wireless mouse,03-12-2025,Refund Request,Compatibility issue,Bluetooth connection drops frequently. (please check).,Medium,11.3,161.7,3
TKT-1298,Vivaan Nair,invalid_email,bluetooth speaker,3/18/2025,Cancellation Request,Billing error,Need more information about warranty. (disappointed with delayed resolution).,Medium,8,165.7,1
TKT-1299,Kavya Joshi,kavya.joshi9@gmail.com,bluetooth speaker,03-11-2025,Technical Issue,Compatibility issue,Bluetooth connection drops frequently. (moderately concerned).,Medium,22,233.9,4
TKT-1300,Kavya Rao,kavya.rao0@gmail.com,smartwatch v2,1/20/2025,Product Question,Damaged item,Item damaged during transit. (moderately concerned).,Medium,8.1,72.4,2
TKT-1301,Ananya Verma,invalid_email,4k monitor 27in,3/21/2025,Technical Issue,Product setup,Delivery arrived much later than expected. (disappointed with delayed resolution).,Medium,11.5,153.2,5
TKT-1302,Isha Iyer,isha.iyer2@gmail.com,wireless mouse,03-12-2025,Billing Inquiry,Refund request,extremely frustrated! Need more information about warranty. I am very disappointed and need an urgent resolution.,High,8.3,214.3,3
TKT-1303,Diya Iyer,invalid_email,laptop pro 15,3/21/2025,Product Question,Refund request,Need more information about warranty. (disappointed with delayed resolution).,Medium,0.6,204.4,1
TKT-1304,Vihaan Nair,invalid_email,gaming console z,02-01-2025,Cancellation Request,Delivery delay,critical failure! Not compatible with my device. I am very disappointed and need an urgent resolution.,High,18.8,131,4
TKT-1305,Diya Iyer,diya.iyer5@gmail.com,wireless mouse,3/22/2025,Cancellation Request,Refund request,Need more information about warranty. (please check).,Medium,0.7,113.8,2
TKT-1306,Arjun Verma,arjun.verma6@gmail.com,laptop pro 15,2/19/2025,Technical Issue,Order tracking,Order status not updating. (issue persisting).,Medium,0.7,159.9,5
TKT-1307,Aarav Patel,aarav.patel7@gmail.com,gaming console z,03-09-2025,Cancellation Request,Warranty inquiry,disappointed! Need more information about warranty. I am very disappointed and need an urgent resolution.,High,5.1,192.4,3
TKT-1308,Aditya Verma,aditya.verma8@gmail.com,4k monitor 27in,2/17/2025,Product Question,Damaged item,Item damaged during transit. (need assistance).,Medium,23.3,124.9,1
TKT-1309,Devansh Rao,invalid_email,smartwatch v2,2/13/2025,Billing Inquiry,Software bug,unacceptable delay! Application crashes frequently. I am very disappointed and need an urgent resolution.,High,17.2,166.4,4
TKT-1310,Aanya Rao,aanya.rao0@gmail.com,smartwatch v2,2/18/2025,Refund Request,Compatibility issue,Bluetooth connection drops frequently. (issue persisting).,Medium,0.2,216.5,2
TKT-1311,Devansh Verma,devansh.verma1@gmail.com,wireless mouse,02-08-2025,Refund Request,Software bug,Application crashes frequently. (please check).,Medium,0.7,144.1,5
TKT-1312,Siddharth Verma,invalid_email,bluetooth speaker,3/27/2025,Billing Inquiry,Product setup,disappointed! Delivery arrived much later than expected. I am very disappointed and need an urgent resolution.,High,8.1,192.4,3
TKT-1313,Aditya Verma,aditya.verma3@gmail.com,bluetooth speaker,3/20/2025,Refund Request,Damaged item,Item damaged during transit. (moderately concerned).,Medium,7.9,127.3,1
TKT-1314,Siddharth Patel,invalid_email,gaming console z,03-02-2025,Billing Inquiry,Damaged item,unacceptable delay! Item damaged during transit. I am very disappointed and need an urgent resolution.,High,1,173.8,4
TKT-1315,Aarav Verma,invalid_email,wireless mouse,01-11-2025,Cancellation Request,Software bug,Application crashes frequently. (need assistance).,Medium,0.8,96.5,2
TKT-1316,Siddharth Menon,siddharth.menon6@gmail.com,wireless mouse,3/18/2025,Refund Request,Software bug,unacceptable delay! Application crashes frequently. I am very disappointed and need an urgent resolution.,High,13.6,180.2,5
TKT-1317,Isha Nair,isha.nair7@gmail.com,4k monitor 27in,3/27/2025,Billing Inquiry,Damaged item,unacceptable delay! Item damaged during transit. I am very disappointed and need an urgent resolution.,High,14,211.5,3
TKT-1318,Isha Menon,isha.menon8@gmail.com,smartwatch v2,02-01-2025,Technical Issue,Damaged item,Item damaged during transit. (issue persisting).,Medium,22,105.8,1
TKT-1319,Kavya Iyer,kavya.iyer9@gmail.com,smartwatch v2,3/24/2025,Technical Issue,Software bug,Application crashes frequently. (issue persisting).,Medium,18,147.2,4
TKT-1320,Devansh Iyer,devansh.iyer0@gmail.com,gaming console z,2/19/2025,Cancellation Request,Compatibility issue,Bluetooth connection drops frequently. (need assistance).,Medium,14.6,134.7,2
TKT-1321,Kavya Nair,kavya.nair1@gmail.com,bluetooth speaker,2/26/2025,Cancellation Request,Damaged item,unacceptable delay! Item damaged during transit. I am very disappointed and need an urgent resolution.,High,0.7,117.9,5
TKT-1322,Devansh Iyer,devansh.iyer2@gmail.com,bluetooth speaker,03-12-2025,Refund Request,Damaged item,terrible experience! Item damaged during transit. I am very disappointed and need an urgent resolution.,High,15.6,220.5,3
TKT-1323,Vihaan Krishnan,vihaan.krishnan3@gmail.com,smartwatch v2,02-03-2025,Cancellation Request,Compatibility issue,unacceptable delay! Bluetooth connection drops frequently. I am very disappointed and need an urgent resolution.,High,23.4,196.2,1
TKT-1324,Rohan Nair,rohan.nair4@gmail.com,4k monitor 27in,1/16/2025,Cancellation Request,Warranty inquiry,extremely frustrated! Need more information about warranty. I am very disappointed and need an urgent resolution.,High,2.4,103.5,4
TKT-1325,Siddharth Mehta,siddharth.mehta5@gmail.com,4k monitor 27in,3/18/2025,Product Question,Product setup,disappointed! Delivery arrived much later than expected. I am very disappointed and need an urgent resolution.,High,19.3,212.7,2
TKT-1326,Vivaan Joshi,vivaan.joshi6@gmail.com,gaming console z,3/18/2025,Product Question,Order tracking,Order status not updating. (please check).,Medium,0.5,134,5
TKT-1327,Devansh Sharma,invalid_email,noise-canceling headphones,3/19/2025,Product Question,Product setup,unacceptable delay! Delivery arrived much later than expected. I am very disappointed and need an urgent resolution.,High,11.2,168,3
TKT-1328,Aditya Nair,aditya.nair8@gmail.com,smartwatch v2,2/25/2025,Refund Request,Damaged item,terrible experience! Item damaged during transit. I am very disappointed and need an urgent resolution.,High,8,172.9,1
TKT-1329,Vihaan Rao,vihaan.rao9@gmail.com,wireless mouse,3/17/2025,Refund Request,Warranty inquiry,unacceptable delay! Need more information about warranty. I am very disappointed and need an urgent resolution.,High,9.4,228.6,4
TKT-1330,Aanya Nair,aanya.nair0@gmail.com,bluetooth speaker,2/26/2025,Refund Request,Delivery delay,Not compatible with my device. (need assistance).,Medium,14.6,183.7,2
TKT-1331,Ala Nair,ala.nair0@gmail.com,bluetooth speaker,2/26/2025,Clarification Request,Functionality not clear,Product feature missing,Low,14.6,183.7,2
TKT-1+E33+333:342,Rohan Sharma,rohan.sharma1@gmail.com,wireless earbud,2/27/2025,Clarification Request,Functionality not clear,Usage guidance,Low,12.3,150.2,4
TKT-1333,Priya Verma,priya.v2@yahoo.com,smartwatch,2/28/2025,Inquiry,Product Specification,Feature inquiry,Low,18.1,210.5,5
TKT-1334,Amit Patel,amit.patel3@outlook.com,bluetooth speaker,03-01-2025,General Feedback,User experience,Recommendation,Low,15,175.4,3
TKT-1335,Neha Gupta,neha.g4@gmail.com,wireless keyboard,03-02-2025,Clarification Request,Functionality not clear,Compatibility,Low,11.4,130.8,4
TKT-1336,Vikram Singh,vikram.s5@hotmail.com,power bank,03-03-2025,Inquiry,Product Specification,Charging speed,Low,22.5,195,5
TKT-1337,Ananya Roy,ananya.r6@gmail.com,fitness band,03-04-2025,Clarification Request,Functionality not clear,App setup,Low,9.8,112.3,4
TKT-1338,Suresh Kumar,suresh.k7@yahoo.com,gaming mouse,03-05-2025,Inquiry,Product Specification,Hardware query,Low,16.2,160.1,3
TKT-1339,Kavita Reddy,kavita.r8@gmail.com,wireless earbud,03-06-2025,Clarification Request,Functionality not clear,LED indicator,Low,13.7,145.9,5
TKT-1340,Deepa Joshi,deepa.j9@outlook.com,smart plug,03-07-2025,General Feedback,User experience,Feature request,Low,20.1,205.6,4
TKT-1341,Manish Rao,manish.r10@gmail.com,bluetooth speaker,03-08-2025,Inquiry,Product Specification,Audio codec,Low,10.5,125,5
